4,10индексу;5;java.io.PrintWriter@50d55a0f
4,10по;5;java.io.PrintWriter@50d55a0f
4,10на;5;java.io.PrintWriter@50d55a0f
2,46доступ;3;java.io.PrintWriter@50d55a0f
2,46список;3;java.io.PrintWriter@50d55a0f
2,46доступа;3;java.io.PrintWriter@50d55a0f
2,46элементов;3;java.io.PrintWriter@50d55a0f
2,46основе;3;java.io.PrintWriter@50d55a0f
2,46и;3;java.io.PrintWriter@50d55a0f
1,64множество;2;java.io.PrintWriter@50d55a0f
1,64очень;2;java.io.PrintWriter@50d55a0f
1,64с;2;java.io.PrintWriter@50d55a0f
1,64упорядоченный;2;java.io.PrintWriter@50d55a0f
1,64реализации;2;java.io.PrintWriter@50d55a0f
1,64без;2;java.io.PrintWriter@50d55a0f
1,643;2;java.io.PrintWriter@50d55a0f
1,642;2;java.io.PrintWriter@50d55a0f
1,641;2;java.io.PrintWriter@50d55a0f
1,64основные;2;java.io.PrintWriter@50d55a0f
1,644;2;java.io.PrintWriter@50d55a0f
1,64только;2;java.io.PrintWriter@50d55a0f
1,64set;2;java.io.PrintWriter@50d55a0f
1,64map;2;java.io.PrintWriter@50d55a0f
1,64функции;2;java.io.PrintWriter@50d55a0f
1,64ключи;2;java.io.PrintWriter@50d55a0f
1,64list;2;java.io.PrintWriter@50d55a0f
1,64hashcode;2;java.io.PrintWriter@50d55a0f
0,82дерева;1;java.io.PrintWriter@50d55a0f
0,82treemap;1;java.io.PrintWriter@50d55a0f
0,82значение;1;java.io.PrintWriter@50d55a0f
0,82расходы;1;java.io.PrintWriter@50d55a0f
0,82дубликатов;1;java.io.PrintWriter@50d55a0f
0,82быть;1;java.io.PrintWriter@50d55a0f
0,82быстро;1;java.io.PrintWriter@50d55a0f
0,82размера;1;java.io.PrintWriter@50d55a0f
0,82друг;1;java.io.PrintWriter@50d55a0f
0,82нет;1;java.io.PrintWriter@50d55a0f
0,82аналог;1;java.io.PrintWriter@50d55a0f
0,82пар;1;java.io.PrintWriter@50d55a0f
0,82реализация;1;java.io.PrintWriter@50d55a0f
0,82повторяются;1;java.io.PrintWriter@50d55a0f
0,82элемент;1;java.io.PrintWriter@50d55a0f
0,82последний;1;java.io.PrintWriter@50d55a0f
0,82должны;1;java.io.PrintWriter@50d55a0f
0,82медленный;1;java.io.PrintWriter@50d55a0f
0,82arraylist;1;java.io.PrintWriter@50d55a0f
0,82первый;1;java.io.PrintWriter@50d55a0f
0,82понятие;1;java.io.PrintWriter@50d55a0f
0,82hashset;1;java.io.PrintWriter@50d55a0f
0,82связанных;1;java.io.PrintWriter@50d55a0f
0,82соседей;1;java.io.PrintWriter@50d55a0f
0,82другом;1;java.io.PrintWriter@50d55a0f
0,82treeset;1;java.io.PrintWriter@50d55a0f
0,82collection;1;java.io.PrintWriter@50d55a0f
0,82переменного;1;java.io.PrintWriter@50d55a0f
0,82чем;1;java.io.PrintWriter@50d55a0f
0,82упорядоченности;1;java.io.PrintWriter@50d55a0f
0,82итератор;1;java.io.PrintWriter@50d55a0f
0,82через;1;java.io.PrintWriter@50d55a0f
0,82массива;1;java.io.PrintWriter@50d55a0f
0,82добавляют;1;java.io.PrintWriter@50d55a0f
0,82но;1;java.io.PrintWriter@50d55a0f
0,82примитивы;1;java.io.PrintWriter@50d55a0f
0,82поиска;1;java.io.PrintWriter@50d55a0f
0,82построение;1;java.io.PrintWriter@50d55a0f
0,82ключ;1;java.io.PrintWriter@50d55a0f
0,82время;1;java.io.PrintWriter@50d55a0f
0,82comporable;1;java.io.PrintWriter@50d55a0f
0,82не;1;java.io.PrintWriter@50d55a0f
0,82большее;1;java.io.PrintWriter@50d55a0f
0,82быстрый;1;java.io.PrintWriter@50d55a0f
0,82лучшее;1;java.io.PrintWriter@50d55a0f
0,82где;1;java.io.PrintWriter@50d55a0f
0,82элементы;1;java.io.PrintWriter@50d55a0f
0,82возможностью;1;java.io.PrintWriter@50d55a0f
0,82ссылками;1;java.io.PrintWriter@50d55a0f
0,82linkedlist;1;java.io.PrintWriter@50d55a0f
0,82hashmap;1;java.io.PrintWriter@50d55a0f
0,82их;1;java.io.PrintWriter@50d55a0f
0,82накладные;1;java.io.PrintWriter@50d55a0f
